expansion,name
base game,Alpaca
base game,Antelope
base game,Armadillo
base game,Badger
base game,Bear
base game,Beaver
base game,Camel
base game,Capybara
base game,Cheetah
base game,Chicken
base game,Cow
base game,Crocodile
base game,Deer
base game,Donkey
base game,Duck
base game,Elephant
base game,Emu
base game,Flamingo
base game,Fox
base game,Giraffe
base game,Goat
base game,Goose
base game,Gorilla
base game,Hippopotamus
base game,Horse
base game,Hyena
base game,Kangaroo
base game,Koala
base game,Komodo Dragon
base game,Lemur
base game,Lion
base game,Meerkat
base game,Mink
base game,Monkey
base game,Orangutan
base game,Ostrich
base game,Otter
base game,Owl
base game,Panda
base game,Panther
base game,Peafowl
base game,Penguin
base game,Pig
base game,Platypus
base game,Polar Bear
base game,Porcupine
base game,Rabbit
base game,Raccoon
base game,Red Panda
base game,Rhino
base game,Seal
base game,Sheep
base game,Skunk
base game,Sloth
base game,Snake
base game,Tapir
base game,Tiger
base game,Tortoise
base game,Turkey
base game,Walrus
base game,Wild Boar
base game,Wolf
base game,Zebra
Dinosaur Island,Amargasaurus
Dinosaur Island,Ammosaurus
Dinosaur Island,Anhanguera
Dinosaur Island,Ankylosaurus
Dinosaur Island,Brachiosaurus
Dinosaur Island,Brontosaurus
Dinosaur Island,Brontotherium
Dinosaur Island,Carnotaurus
Dinosaur Island,Chalicotherium
Dinosaur Island,Chirostenotes
Dinosaur Island,Compsognathus
Dinosaur Island,Desmatosuchus
Dinosaur Island,Dilophosaurus
Dinosaur Island,Dimorphodon
Dinosaur Island,Edmontosaurus
Dinosaur Island,Epidexipteryx
Dinosaur Island,Glyptodon
Dinosaur Island,Graciliceratops
Dinosaur Island,Ground Sloth
Dinosaur Island,Irritator
Dinosaur Island,Kentrosaurus
Dinosaur Island,Leaellynasaura
Dinosaur Island,Longisquama
Dinosaur Island,Lystrosaurus
Dinosaur Island,Macrauchenia
Dinosaur Island,Meiolania
Dinosaur Island,Microraptor
Dinosaur Island,Minmi
Dinosaur Island,Ornithomimus
Dinosaur Island,Pachycephalosaurus
Dinosaur Island,Parasaurolophus
Dinosaur Island,Phorusrhacidae
Dinosaur Island,Protoceratops
Dinosaur Island,Psittacosaurus
Dinosaur Island,Pterodactyl
Dinosaur Island,Quagga
Dinosaur Island,Quetzalcoatlus
Dinosaur Island,Rebbachisaurus
Dinosaur Island,Sabertooth
Dinosaur Island,Sarcosuchus
Dinosaur Island,Spinosaurus
Dinosaur Island,Stegoceras
Dinosaur Island,Stegosaurus
Dinosaur Island,Suchomimus
Dinosaur Island,Tanystropheus
Dinosaur Island,Triceratops
Dinosaur Island,Trochosaurus
Dinosaur Island,Tsintaosaurus
Dinosaur Island,Tyrannosaurus
Dinosaur Island,Velociraptor
Dinosaur Island,Woolly Mammoth
Aquarium Odyssey,Alligator Gar
Aquarium Odyssey,Anglerfish
Aquarium Odyssey,Arapaima
Aquarium Odyssey,Arowana
Aquarium Odyssey,Barreleye
Aquarium Odyssey,Beluga Whale
Aquarium Odyssey,Blobfish
Aquarium Odyssey,Bluefin Tuna
Aquarium Odyssey,Blue Tang
Aquarium Odyssey,Blue Whale
Aquarium Odyssey,Catfish
Aquarium Odyssey,Clownfish
Aquarium Odyssey,Cod
Aquarium Odyssey,Coelacanth
Aquarium Odyssey,Dolphin
Aquarium Odyssey,Dumbo Octopus
Aquarium Odyssey,Dugong
Aquarium Odyssey,Frilled Shark
Aquarium Odyssey,Giant Clam
Aquarium Odyssey,Giant Squid
Aquarium Odyssey,Goblin Shark
Aquarium Odyssey,Great White Shark
Aquarium Odyssey,Hammerhead Shark
Aquarium Odyssey,Horseshoe Crab
Aquarium Odyssey,King Crab
Aquarium Odyssey,Lionfish
Aquarium Odyssey,Mahi Mahi
Aquarium Odyssey,Manta Ray
Aquarium Odyssey,Moon Jelly
Aquarium Odyssey,Moray Eel
Aquarium Odyssey,Narwhal
Aquarium Odyssey,Nautilus
Aquarium Odyssey,Oarfish
Aquarium Odyssey,Octopus
Aquarium Odyssey,Orca
Aquarium Odyssey,Pink Dolphin
Aquarium Odyssey,Piranha
Aquarium Odyssey,Pufferfish
Aquarium Odyssey,Red Lobster
Aquarium Odyssey,Sailfish
Aquarium Odyssey,Sea Urchin
Aquarium Odyssey,Seahorse
Aquarium Odyssey,Snailfish
Aquarium Odyssey,Sperm Whale
Aquarium Odyssey,Starfish
Aquarium Odyssey,Sturgeon
Aquarium Odyssey,Sunfish
Aquarium Odyssey,Swordfish
Aquarium Odyssey,Turtle
Aquarium Odyssey,Whale Shark
